{"5725":{"boundingBox":{"0":3.838484048843384,"1":2.98626446723938,"2":0,"3":0,"4":-0.25067800283432007,"5":0.3222164213657379,"6":0,"7":0,"8":0,"9":0,"10":0.05000000074505806,"11":0,"12":0.13129906356334686,"13":-0.16876916587352753,"14":0,"15":1},"hasHoles":false},"5792":{"boundingBox":{"0":3.838484048843384,"1":2.98626446723938,"2":0,"3":0,"4":-0.25067800283432007,"5":0.3222164213657379,"6":0,"7":0,"8":0,"9":0,"10":0.05000000074505806,"11":0,"12":0.13129906356334686,"13":-0.16876916587352753,"14":0,"15":1},"hasHoles":false}}