{"5882":{"boundingBox":{"0":0.9139999747276306,"1":0,"2":0,"3":0,"4":0,"5":2.1080000400543213,"6":0,"7":0,"8":0,"9":0,"10":0.02500000037252903,"11":0,"12":0,"13":0,"14":0,"15":1},"hasHoles":true},"5894":{"boundingBox":{"0":2.1080000400543213,"1":0,"2":0,"3":0,"4":0,"5":0.9139999747276306,"6":0,"7":0,"8":0,"9":0,"10":0.02500000037252903,"11":0,"12":0,"13":0,"14":0,"15":1},"hasHoles":true}}