{"24100":{"boundingBox":{"0":1.5509999990463257,"1":4.487365831701154e-15,"2":0,"3":0,"4":-5.925290657025949e-15,"5":2.0480000972747803,"6":0,"7":0,"8":0,"9":0,"10":0.05700000002980232,"11":0,"12":0,"13":-4.440892098500626e-15,"14":4.440892098500626e-16,"15":1},"hasHoles":true},"24104":{"boundingBox":{"0":1.61899995803833,"1":-1.7300967702606673e-15,"2":0,"3":0,"4":4.445461841251063e-15,"5":4.159999847412109,"6":0,"7":0,"8":0,"9":0,"10":0.05700000002980232,"11":0,"12":0,"13":0,"14":4.440892098500626e-16,"15":1},"hasHoles":true}}