{"5835":{"boundingBox":{"0":3.950319528579712,"1":0.17290900647640228,"2":0,"3":0,"4":-0.280091792345047,"5":6.39904260635376,"6":0,"7":0,"8":0,"9":0,"10":0.01899999938905239,"11":0,"12":0.007090538274496794,"13":-0.16199210286140442,"14":0,"15":1},"hasHoles":true},"5863":{"boundingBox":{"0":2.137263536453247,"1":0.23096977174282074,"2":0,"3":0,"4":-0.6028527617454529,"5":5.578458309173584,"6":0,"7":0,"8":0,"9":0,"10":0.01899999938905239,"11":0,"12":0.40667685866355896,"13":-0.16415776312351227,"14":0,"15":1},"hasHoles":true}}