{"5739":{"boundingBox":{"0":4.007191181182861,"1":-0.21835634112358093,"2":4.006369278756854e-15,"3":0,"4":0.3504844307899475,"5":6.431954860687256,"6":3.598367484108087e-15,"7":0,"8":-2.6512804640252668e-15,"9":-1.2994733725686983e-15,"10":2.5810000896453857,"11":0,"12":-0.33950692415237427,"13":0.018500113859772682,"14":-7.327471962526033e-15,"15":1},"hasHoles":true},"5875":{"boundingBox":{"0":4.007191181182861,"1":-0.21835634112358093,"2":0,"3":0,"4":0.3504844307899475,"5":6.431954860687256,"6":0,"7":0,"8":0,"9":0,"10":2.5810000896453857,"11":0,"12":-0.33950692415237427,"13":0.018500113859772682,"14":0,"15":1},"hasHoles":true}}