{"105":{"boundingBox":{"0":8.800000190734863,"1":-1.0859739774105037e-8,"2":0,"3":0,"4":5.146035819691974e-10,"5":0.4169999957084656,"6":0,"7":0,"8":0,"9":0,"10":2.9000000953674316,"11":0,"12":-5.14603470946895e-10,"13":5.146035264580462e-10,"14":0,"15":1},"hasHoles":true},"114":{"boundingBox":{"0":8.800000190734863,"1":1.0859740662283457e-8,"2":0,"3":0,"4":-5.146035819691974e-10,"5":0.4169999957084656,"6":0,"7":0,"8":0,"9":0,"10":2.9000000953674316,"11":0,"12":0,"13":-1.0859737997748198e-8,"14":0,"15":1},"hasHoles":true}}