{"5747":{"boundingBox":{"0":3.950319528579712,"1":0.17290902137756348,"2":0,"3":0,"4":-0.2800918221473694,"5":6.39904260635376,"6":0,"7":0,"8":0,"9":0,"10":0.01899999938905239,"11":0,"12":0.030681626871228218,"13":-0.16095951199531555,"14":0,"15":1},"hasHoles":true},"5780":{"boundingBox":{"0":3.9555282592773438,"1":-0.17698894441127777,"2":0,"3":0,"4":0.28717437386512756,"5":6.418063640594482,"6":0,"7":0,"8":0,"9":0,"10":0.01899999938905239,"11":0,"12":-0.2549371123313904,"13":0.011407086625695229,"14":0,"15":1},"hasHoles":true}}