{"24105":{"boundingBox":{"0":1.5509999990463257,"1":2.6110783745244464e-15,"2":0,"3":0,"4":-3.654836206086216e-15,"5":2.1710000038146973,"6":0,"7":0,"8":0,"9":0,"10":0.05700000002980232,"11":0,"12":0,"13":-2.6645352591003757e-15,"14":4.440892098500626e-16,"15":1},"hasHoles":true},"24527":{"boundingBox":{"0":3.952462673187256,"1":-0.17458570003509521,"2":0,"3":0,"4":0.2827100157737732,"5":6.400300025939941,"6":0,"7":0,"8":0,"9":0,"10":0.05700000002980232,"11":0,"12":-0.2754893898963928,"13":0.012168744578957558,"14":4.440892098500626e-16,"15":1},"hasHoles":true}}