{"135":{"boundingBox":{"0":0.12399999797344208,"1":0,"2":0,"3":0,"4":0,"5":2.9200000762939453,"6":0,"7":0,"8":0,"9":0,"10":2.7950000762939453,"11":0,"12":0,"13":0,"14":0,"15":1},"hasHoles":true},"155":{"boundingBox":{"0":1.965000033378601,"1":0,"2":0,"3":0,"4":0,"5":0.12399999797344208,"6":0,"7":0,"8":0,"9":0,"10":2.9000000953674316,"11":0,"12":0,"13":0,"14":0,"15":1},"hasHoles":true}}