{"24111":{"boundingBox":{"0":1.61899995803833,"1":-1.7300967702606673e-15,"2":0,"3":0,"4":4.445461841251063e-15,"5":4.159999847412109,"6":0,"7":0,"8":0,"9":0,"10":0.05700000002980232,"11":0,"12":4.440892098500626e-16,"13":0,"14":4.440892098500626e-16,"15":1},"hasHoles":true},"24630":{"boundingBox":{"0":1.965000033378601,"1":0,"2":0,"3":0,"4":0,"5":5.300000190734863,"6":0,"7":0,"8":0,"9":0,"10":0.05700000002980232,"11":0,"12":0,"13":0,"14":4.440892098500626e-16,"15":1},"hasHoles":true}}