{"5786":{"boundingBox":{"0":0.17800000309944153,"1":0,"2":0,"3":0,"4":0,"5":0.40700000524520874,"6":0,"7":0,"8":0,"9":0,"10":4.099999904632568,"11":0,"12":0,"13":0,"14":0,"15":1},"hasHoles":true},"5803":{"boundingBox":{"0":0.30300000309944153,"1":0,"2":0,"3":0,"4":0,"5":0.2029999941587448,"6":0,"7":0,"8":0,"9":0,"10":7.421299934387207,"11":0,"12":0,"13":0,"14":0,"15":1},"hasHoles":true}}