{"157":{"boundingBox":{"0":1.5240000486373901,"1":0,"2":1.906160191643999e-15,"3":0,"4":0,"5":0.12399999797344208,"6":0,"7":0,"8":-3.627207685412675e-15,"9":0,"10":2.9000000953674316,"11":0,"12":0,"13":0,"14":-1.7763568394002505e-15,"15":1},"hasHoles":true},"158":{"boundingBox":{"0":1.5240000486373901,"1":0,"2":0,"3":0,"4":0,"5":0.12399999797344208,"6":0,"7":0,"8":0,"9":0,"10":2.9000000953674316,"11":0,"12":0,"13":0,"14":0,"15":1},"hasHoles":true}}