{"160":{"boundingBox":{"0":1.965000033378601,"1":0,"2":0,"3":0,"4":0,"5":0.12399999797344208,"6":0,"7":0,"8":0,"9":0,"10":2.9000000953674316,"11":0,"12":0,"13":0,"14":0,"15":1},"hasHoles":true},"17508":{"boundingBox":{"0":4.353000164031982,"1":0,"2":-2.0047243335182983e-15,"3":0,"4":0,"5":0.15199999511241913,"6":0,"7":0,"8":1.2872052649980223e-15,"9":0,"10":2.7950000762939453,"11":0,"12":-8.881784197001252e-16,"13":0,"14":0,"15":1},"hasHoles":false}}