{"5751":{"boundingBox":{"0":9.384364128112793,"1":0.45378872752189636,"2":0,"3":0,"4":-0.11229827255010605,"5":2.322331428527832,"6":0,"7":0,"8":0,"9":0,"10":2.5810000896453857,"11":0,"12":0.012965879403054714,"13":-0.268134742975235,"14":0,"15":1},"hasHoles":false},"24830":{"boundingBox":{"0":2.1490933895111084,"1":-0.2488122135400772,"2":0.0013407969381660223,"3":0,"4":0.6360889077186584,"5":5.4946465492248535,"6":0.0900072306394577,"7":0,"8":-0.0072295707650482655,"9":-0.04678024351596832,"10":2.9068727493286133,"11":0,"12":-0.6052693724632263,"13":0.07155215740203857,"14":-0.09053372591733932,"15":1},"hasHoles":true}}