{"91":{"boundingBox":{"0":0.12399999797344208,"1":0,"2":0,"3":0,"4":0,"5":5.423999786376953,"6":0,"7":0,"8":0,"9":0,"10":2.9000000953674316,"11":0,"12":0,"13":0,"14":0,"15":1},"hasHoles":true},"92":{"boundingBox":{"0":0.12399999797344208,"1":0,"2":0,"3":0,"4":0,"5":5.423999786376953,"6":1.3383635139133402e-15,"7":0,"8":0,"9":-7.155705221646767e-16,"10":2.9000000953674316,"11":0,"12":0,"13":0,"14":-1.3322676295501878e-15,"15":1},"hasHoles":true}}