{"5724":{"boundingBox":{"0":2.322331428527832,"1":-0.11229827255010605,"2":0,"3":0,"4":0.45378872752189636,"5":9.384364128112793,"6":-2.356307804649298e-15,"7":0,"8":3.126437651240535e-17,"9":6.46548189573088e-16,"10":2.5810000896453857,"11":0,"12":-0.268134742975235,"13":0.012965879403054714,"14":0,"15":1},"hasHoles":false},"24831":{"boundingBox":{"0":2.148472547531128,"1":-0.24890051782131195,"2":0.0007339257863350213,"3":0,"4":0.6366040110588074,"5":5.494805812835693,"6":-0.0902361273765564,"7":0,"8":0.0044753472320735455,"9":0.047198351472616196,"10":2.9056522846221924,"11":0,"12":-0.2134704440832138,"13":-0.017643533647060394,"14":0.0006153868162073195,"15":1},"hasHoles":true}}