{"197":{"boundingBox":{"0":null,"1":null,"2":null,"3":null,"4":null,"5":null,"6":null,"7":null,"8":null,"9":null,"10":null,"11":null,"12":null,"13":null,"14":null,"15":null},"hasHoles":false},"24931":{"boundingBox":{"0":0.03999999910593033,"1":5.641994871297129e-9,"2":-7.278783797914912e-9,"3":0,"4":1.9937307013662142e-13,"5":3.7742693424224854,"6":2.9255459308624268,"7":0,"8":9.296864611485489e-9,"9":-0.024738186970353127,"10":0.03191492706537247,"11":0,"12":-4.6924100161049864e-9,"13":0.00023428314307238907,"14":-0.0003022504970431328,"15":1},"hasHoles":true}}