{"24629":{"boundingBox":{"0":1.965000033378601,"1":-1.277316578855302e-15,"2":0,"3":0,"4":3.4451796697730153e-15,"5":5.300000190734863,"6":0,"7":0,"8":0,"9":0,"10":0.05700000002980232,"11":0,"12":0,"13":0,"14":4.440892098500626e-16,"15":1},"hasHoles":true},"24827":{"boundingBox":{"0":9.281728744506836,"1":-3.7951314449310303,"2":0,"3":0,"4":4.255026340484619,"5":10.40649127960205,"6":0,"7":0,"8":0,"9":0,"10":0.05700000002980232,"11":0,"12":-2.4567575454711914,"13":1.0045238733291626,"14":4.440892098500626e-16,"15":1},"hasHoles":true}}