{"24752":{"boundingBox":{"0":16.965999603271484,"1":0,"2":3.7143809282122985e-15,"3":0,"4":0,"5":0.550000011920929,"6":0,"7":0,"8":-6.348994748450916e-16,"9":0,"10":2.9000000953674316,"11":0,"12":0,"13":0,"14":-3.552713678800501e-15,"15":1},"hasHoles":true},"24934":{"boundingBox":{"0":0.03999999910593033,"1":7.421126304391353e-17,"2":-5.752330446724002e-17,"3":0,"4":-1.1209509510120164e-14,"5":3.7742695808410645,"6":-2.925546169281006,"7":0,"8":0,"9":0.024738218635320663,"10":0.03191496804356575,"11":0,"12":3.122502256758253e-17,"13":-0.024503733962774277,"14":2.925243854522705,"15":1},"hasHoles":true}}