{"5873":{"boundingBox":{"0":2.0859999656677246,"1":0,"2":0,"3":0,"4":0,"5":1.4019999504089355,"6":0,"7":0,"8":0,"9":0,"10":0.02500000037252903,"11":0,"12":0,"13":0,"14":0,"15":1},"hasHoles":true},"5913":{"boundingBox":{"0":1.4019999504089355,"1":0,"2":0,"3":0,"4":0,"5":2.0859999656677246,"6":0,"7":0,"8":0,"9":0,"10":0.02500000037252903,"11":0,"12":0,"13":0,"14":0,"15":1},"hasHoles":true}}