{"4229":{"boundingBox":{"0":7.966000080108643,"1":-5.856008020621757e-15,"2":0,"3":0,"4":1.2472135784812998e-14,"5":16.965999603271484,"6":0,"7":0,"8":0,"9":0,"10":0.4569999873638153,"11":0,"12":-1.2434497875801753e-14,"13":0,"14":0,"15":1},"hasHoles":true},"24826":{"boundingBox":{"0":9.321062088012695,"1":-3.571267604827881,"2":0,"3":0,"4":3.9996039867401123,"5":10.43902587890625,"6":0,"7":0,"8":0,"9":0,"10":0.05700000002980232,"11":0,"12":-2.9799139499664307,"13":1.5303797721862793,"14":4.440892098500626e-16,"15":1},"hasHoles":true}}