{"5735":{"boundingBox":{"0":7.447861671447754,"1":5.486381530761719,"2":0,"3":0,"4":-7.246861457824707,"5":9.83774471282959,"6":0,"7":0,"8":0,"9":0,"10":0.01899999938905239,"11":0,"12":4.962887287139893,"13":-2.2122085094451904,"14":0,"15":1},"hasHoles":true},"5896":{"boundingBox":{"0":7.447862148284912,"1":5.486381530761719,"2":0,"3":0,"4":-7.246861457824707,"5":9.83774471282959,"6":0,"7":0,"8":0,"9":0,"10":0.01899999938905239,"11":0,"12":2.802112579345703,"13":-3.8039183616638184,"14":0,"15":1},"hasHoles":true}}