{"369":{"boundingBox":{"0":0.8055187463760376,"1":0.007667608559131622,"2":-0.0002813096798490733,"3":0,"4":-0.00523853674530983,"5":0.5502294898033142,"6":-0.0028262645937502384,"7":0,"8":0.0006014728569425642,"9":0.010293453931808472,"10":2.002859592437744,"11":0,"12":-0.0005280926125124097,"13":-0.01789410412311554,"14":0.00009212316945195198,"15":1},"hasHoles":true},"370":{"boundingBox":{"0":0.8055187463760376,"1":-0.007667606696486473,"2":0.00028130956343375146,"3":0,"4":0.005238535348325968,"5":0.5502294898033142,"6":-0.0028262643609195948,"7":0,"8":-0.0006014725659042597,"9":0.010293453931808472,"10":2.002859592437744,"11":0,"12":-0.004990645684301853,"13":-0.010226496495306492,"14":-0.0001891864085337147,"15":1},"hasHoles":true}}