{"24941":{"boundingBox":{"0":0.01268652081489563,"1":-9.85924120122661e-10,"2":5.070973588955363e-12,"3":0,"4":2.4678139531886245e-9,"5":0.031754959374666214,"6":0.0000016544444179089624,"7":0,"8":-4.615028845189606e-11,"9":-0.0000059551011872827075,"10":0.11430060118436813,"11":0,"12":-1.664685500557539e-9,"13":5.243369072260862e-10,"14":-6.021435865477542e-7,"15":1},"hasHoles":false},"24943":{"boundingBox":{"0":0.012686550617218018,"1":-4.602489500626916e-9,"2":-2.310824621931662e-11,"3":0,"4":1.1520223885952419e-8,"5":0.031754959374666214,"6":0.0000016543499441468157,"7":0,"8":2.0603548034348051e-10,"9":-0.0000059547610362642445,"10":0.11430060118436813,"11":0,"12":-7.979717331352276e-9,"13":2.332614101874242e-9,"14":-6.020916885063343e-7,"15":1},"hasHoles":false}}