{"5756":{"boundingBox":{"0":3.950319528579712,"1":-0.17290902137756348,"2":0,"3":0,"4":0.2800918221473694,"5":6.39904260635376,"6":0,"7":0,"8":0,"9":0,"10":0.01899999938905239,"11":0,"12":-0.2730012834072113,"13":0.0119495103135705,"14":0,"15":1},"hasHoles":true},"5914":{"boundingBox":{"0":2.1377313137054443,"1":0.23176266252994537,"2":0,"3":0,"4":-0.6052960753440857,"5":5.583127021789551,"6":0,"7":0,"8":0,"9":0,"10":0.01899999938905239,"11":0,"12":0.1484864056110382,"13":-0.10185761004686356,"14":0,"15":1},"hasHoles":true}}