{"5820":{"boundingBox":{"0":3.8549599647521973,"1":-0.16765809059143066,"2":0,"3":0,"4":0.2536886930465698,"5":5.833060264587402,"6":-1.2618349341618615e-15,"7":0,"8":9.525752377156563e-18,"9":2.1902548833344136e-16,"10":1.0144000053405762,"11":0,"12":-0.2466088980436325,"13":0.010725396685302258,"14":0,"15":1},"hasHoles":true},"5865":{"boundingBox":{"0":5.833060264587402,"1":0.2536886930465698,"2":0,"3":0,"4":-0.16765809059143066,"5":3.8549599647521973,"6":0,"7":0,"8":0,"9":0,"10":1.0144000053405762,"11":0,"12":0.010725396685302258,"13":-0.2466088980436325,"14":0,"15":1},"hasHoles":true}}