{"367":{"boundingBox":{"0":0.8055187463760376,"1":-0.007667606696486473,"2":0.00028130956343375146,"3":0,"4":0.005238535348325968,"5":0.5502294898033142,"6":-0.0028262643609195948,"7":0,"8":-0.0006014725659042597,"9":0.010293453931808472,"10":2.002859592437744,"11":0,"12":-0.004990645684301853,"13":-0.010226496495306492,"14":-0.0001891864085337147,"15":1},"hasHoles":true},"368":{"boundingBox":{"0":0.8055187463760376,"1":-0.007667591795325279,"2":-0.0002813089231494814,"3":0,"4":0.005238525103777647,"5":0.5502294898033142,"6":0.0028262657579034567,"7":0,"8":0.0006014711107127368,"9":-0.01029345765709877,"10":2.002859592437744,"11":0,"12":-0.005766616202890873,"13":0.013064611703157425,"14":-0.0027341425884515047,"15":1},"hasHoles":true}}