{"101":{"boundingBox":{"0":0.4169999957084656,"1":0,"2":0,"3":0,"4":0,"5":16.965999603271484,"6":0,"7":0,"8":0,"9":0,"10":3.0999999046325684,"11":0,"12":0,"13":0,"14":0,"15":1},"hasHoles":true},"104":{"boundingBox":{"0":0.4169999957084656,"1":-2.5107181522250534e-16,"2":0,"3":0,"4":1.0466142384181476e-14,"5":17.382999420166016,"6":9.788398288798367e-15,"7":0,"8":-1.0510188089854658e-30,"9":-1.7456154726455501e-15,"10":3.0999999046325684,"11":0,"12":-1.3322676295501878e-15,"13":0,"14":-9.769962616701378e-15,"15":1},"hasHoles":true}}