{"5815":{"boundingBox":{"0":9.317093849182129,"1":3.7605063915252686,"2":0,"3":0,"4":-4.346471309661865,"5":10.768890380859375,"6":0,"7":0,"8":0,"9":0,"10":0.12700000405311584,"11":0,"12":1.8794699907302856,"13":-2.45660662651062,"14":0,"15":1},"hasHoles":false},"5818":{"boundingBox":{"0":9.318541526794434,"1":3.718940496444702,"2":0,"3":0,"4":-4.298817157745361,"5":10.771536827087402,"6":0,"7":0,"8":0,"9":0,"10":0.12700000405311584,"11":0,"12":1.0944530963897705,"13":-2.742368698120117,"14":0,"15":1},"hasHoles":false}}