{"123":{"boundingBox":{"0":8.800000190734863,"1":0,"2":2.6106838689292627e-15,"3":0,"4":0,"5":0.4169999957084656,"6":0,"7":0,"8":-9.196726928658162e-16,"9":0,"10":3.0999999046325684,"11":0,"12":0,"13":0,"14":-2.6645352591003757e-15,"15":1},"hasHoles":true},"130":{"boundingBox":{"0":2.0889999866485596,"1":0,"2":0,"3":0,"4":0,"5":0.12399999797344208,"6":0,"7":0,"8":0,"9":0,"10":3.388000011444092,"11":0,"12":0,"13":0,"14":0,"15":1},"hasHoles":true}}