{"344":{"boundingBox":{"0":3,"1":0,"2":0,"3":0,"4":0,"5":0.6325470805168152,"6":-0.055348023772239685,"7":0,"8":0,"9":0.012440637685358524,"10":0.14217831194400787,"11":0,"12":0,"13":-0.012295893393456936,"14":0.0010758936405181885,"15":1},"hasHoles":true},"27535":{"boundingBox":{"0":1,"1":0,"2":0,"3":0,"4":0,"5":1,"6":0,"7":0,"8":0,"9":0,"10":1,"11":0,"12":0,"13":0,"14":0,"15":1},"hasHoles":false}}