{"365":{"boundingBox":{"0":0.8055187463760376,"1":-0.007667591795325279,"2":-0.0002813089231494814,"3":0,"4":0.005238525103777647,"5":0.5502294898033142,"6":0.0028262657579034567,"7":0,"8":0.0006014711107127368,"9":-0.01029345765709877,"10":2.002859592437744,"11":0,"12":-0.005766616202890873,"13":0.013064611703157425,"14":-0.0027341425884515047,"15":1},"hasHoles":true},"366":{"boundingBox":{"0":0.8055187463760376,"1":0.007667608559131622,"2":-0.0002813096798490733,"3":0,"4":-0.00523853674530983,"5":0.5502294898033142,"6":-0.0028262645937502384,"7":0,"8":0.0006014728569425642,"9":0.010293453931808472,"10":2.002859592437744,"11":0,"12":-0.0005280926125124097,"13":-0.01789410412311554,"14":0.00009212316945195198,"15":1},"hasHoles":true}}