{"17511":{"boundingBox":{"0":4.201000213623047,"1":0,"2":-6.15719472545702e-15,"3":0,"4":0,"5":0.49300000071525574,"6":0,"7":0,"8":4.0964910432458694e-15,"9":0,"10":2.7950000762939453,"11":0,"12":-4.440892098500626e-15,"13":0,"14":0,"15":1},"hasHoles":false},"17512":{"boundingBox":{"0":4.201000213623047,"1":0,"2":-2.0523983124050857e-15,"3":0,"4":0,"5":0.49300000071525574,"6":0,"7":0,"8":1.3654970497083293e-15,"9":0,"10":2.7950000762939453,"11":0,"12":-1.7763568394002505e-15,"13":0,"14":0,"15":1},"hasHoles":false}}