{"5790":{"boundingBox":{"0":3.7079999446868896,"1":3.650889456068484e-15,"2":0,"3":0,"4":-1.670469081257401e-14,"5":16.965999603271484,"6":0,"7":0,"8":0,"9":0,"10":0.3050000071525574,"11":0,"12":1.687538997430238e-14,"13":0,"14":0,"15":1},"hasHoles":true},"5893":{"boundingBox":{"0":3.7079999446868896,"1":4.212564626689336e-15,"2":0,"3":0,"4":-1.927464298465218e-14,"5":16.965999603271484,"6":0,"7":0,"8":0,"9":0,"10":0.3050000071525574,"11":0,"12":1.9095836023552692e-14,"13":0,"14":0,"15":1},"hasHoles":true}}