{"94":{"boundingBox":{"0":0.4169999957084656,"1":-1.300264340642343e-10,"2":0,"3":0,"4":5.550288673106252e-9,"5":17.799999237060547,"6":0,"7":0,"8":0,"9":0,"10":2.9000000953674316,"11":0,"12":-5.550284232214153e-9,"13":0,"14":0,"15":1},"hasHoles":true},"99":{"boundingBox":{"0":0.4169999957084656,"1":1.300264063086587e-10,"2":0,"3":0,"4":-5.550287784927832e-9,"5":17.799999237060547,"6":3.676849321835934e-15,"7":0,"8":1.8678817379360641e-25,"9":-5.99037264528647e-16,"10":2.9000000953674316,"11":0,"12":1.300433094542086e-10,"13":-1.3002576793041953e-10,"14":-3.552713678800501e-15,"15":1},"hasHoles":true}}